algorithm,input_type,size_class,n,time_ms,max_depth,comparisons,swaps,allocations,recursive_calls
MergeSort,RANDOM,small,1000,0.0662,7,10378,0,1,127
QuickSort,RANDOM,small,1000,0.0824,8,16572,11319,0,668
ArraysSort,RANDOM,small,1000,0.0553,0,0,0,0,0
Select,RANDOM,small,1000,0.0525,9,9008,3143,0,75
MergeSort,SORTED,small,1000,0.0081,7,999,0,1,127
QuickSort,SORTED,small,1000,0.0564,8,15865,10268,0,666
ArraysSort,SORTED,small,1000,0.0044,0,0,0,0,0
Select,SORTED,small,1000,0.0316,9,7792,3267,0,86
MergeSort,REVERSED,small,1000,0.0228,7,10403,0,1,127
QuickSort,REVERSED,small,1000,0.0555,8,14982,10566,0,676
ArraysSort,REVERSED,small,1000,0.0048,0,0,0,0,0
Select,REVERSED,small,1000,0.0341,8,8843,2943,0,72
MergeSort,DUPLICATES,small,1000,0.0427,7,9858,0,1,127
QuickSort,DUPLICATES,small,1000,0.0236,4,4751,2171,0,11
ArraysSort,DUPLICATES,small,1000,0.0316,0,0,0,0,0
Select,DUPLICATES,small,1000,0.0256,5,3846,1257,0,5
ClosestPair,RANDOM,small,1000,0.3163,10,1473,0,2,975
ClosestPair,DUPLICATES,small,1000,0.2684,10,536,0,2,975
MergeSort,RANDOM,small,5000,0.4089,10,59157,0,1,1023
QuickSort,RANDOM,small,5000,0.4667,9,100645,67390,0,3314
ArraysSort,RANDOM,small,5000,0.4103,0,0,0,0,0
Select,RANDOM,small,5000,0.2702,12,49669,17595,0,234
MergeSort,SORTED,small,5000,0.0185,10,4999,0,1,1023
QuickSort,SORTED,small,5000,0.3010,9,104360,69976,0,3326
ArraysSort,SORTED,small,5000,0.0056,0,0,0,0,0
Select,SORTED,small,5000,0.1355,11,41770,17701,0,259
MergeSort,REVERSED,small,5000,0.0839,10,45107,0,1,1023
QuickSort,REVERSED,small,5000,0.2904,9,112365,72788,0,3339
ArraysSort,REVERSED,small,5000,0.0076,0,0,0,0,0
Select,REVERSED,small,5000,0.1444,10,46336,15698,0,206
MergeSort,DUPLICATES,small,5000,0.2335,10,56551,0,1,1023
QuickSort,DUPLICATES,small,5000,0.0991,3,25064,11556,0,11
ArraysSort,DUPLICATES,small,5000,0.0828,0,0,0,0,0
Select,DUPLICATES,small,5000,0.1100,6,19356,6304,0,6
ClosestPair,RANDOM,small,5000,1.6616,12,6111,0,2,4095
ClosestPair,DUPLICATES,small,5000,1.2913,12,3856,0,2,4095
MergeSort,RANDOM,small,10000,0.8426,11,127977,0,1,2047
QuickSort,RANDOM,small,10000,0.9922,10,220721,147954,0,6698
ArraysSort,RANDOM,small,10000,0.5968,0,0,0,0,0
Select,RANDOM,small,10000,0.5069,12,97882,34750,0,368
MergeSort,SORTED,small,10000,0.0281,11,9999,0,1,2047
QuickSort,SORTED,small,10000,0.6095,10,225300,150794,0,6671
ArraysSort,SORTED,small,10000,0.0067,0,0,0,0,0
Select,SORTED,small,10000,0.2453,12,84304,35849,0,365
MergeSort,REVERSED,small,10000,0.1637,11,95215,0,1,2047
QuickSort,REVERSED,small,10000,0.6140,10,237964,159260,0,6680
ArraysSort,REVERSED,small,10000,0.0114,0,0,0,0,0
Select,REVERSED,small,10000,0.2669,12,93661,31807,0,299
MergeSort,DUPLICATES,small,10000,0.4492,11,122364,0,1,2047
QuickSort,DUPLICATES,small,10000,0.1965,4,73058,30994,0,11
ArraysSort,DUPLICATES,small,10000,0.1622,0,0,0,0,0
Select,DUPLICATES,small,10000,0.2192,7,37311,12241,0,8
ClosestPair,RANDOM,small,10000,3.4811,13,15852,0,2,8191
ClosestPair,DUPLICATES,small,10000,2.7006,13,7712,0,2,8191
MergeSort,RANDOM,medium,50000,4.8516,13,774042,0,1,8191
QuickSort,RANDOM,medium,50000,5.5356,12,1355283,923935,0,33298
ArraysSort,RANDOM,medium,50000,3.3047,0,0,0,0,0
Select,RANDOM,medium,50000,2.4656,14,504292,180130,0,1071
MergeSort,SORTED,medium,50000,0.1326,13,49999,0,1,8191
QuickSort,SORTED,medium,50000,3.3272,12,1443515,976372,0,33421
ArraysSort,SORTED,medium,50000,0.0164,0,0,0,0,0
Select,SORTED,medium,50000,1.1462,15,435641,185254,0,1083
MergeSort,REVERSED,medium,50000,0.9773,13,585711,0,1,8191
QuickSort,REVERSED,medium,50000,3.2857,12,1365186,921096,0,33382
ArraysSort,REVERSED,medium,50000,0.0385,0,0,0,0,0
Select,REVERSED,medium,50000,1.2644,14,478423,163478,0,867
MergeSort,DUPLICATES,medium,50000,2.2190,13,737567,0,1,8191
QuickSort,DUPLICATES,medium,50000,0.9386,4,274956,145129,0,11
ArraysSort,DUPLICATES,medium,50000,0.7939,0,0,0,0,0
Select,DUPLICATES,medium,50000,0.9987,7,193572,63744,0,7
ClosestPair,RANDOM,medium,50000,20.5011,16,85132,0,2,34463
ClosestPair,DUPLICATES,medium,50000,15.8517,16,48304,0,2,34463
MergeSort,RANDOM,medium,100000,10.3788,14,1647839,0,1,16383
QuickSort,RANDOM,medium,100000,11.6836,12,2987207,1983751,0,66648
ArraysSort,RANDOM,medium,100000,7.1550,0,0,0,0,0
Select,RANDOM,medium,100000,4.7121,15,992863,357931,0,1474
MergeSort,SORTED,medium,100000,0.2934,14,99999,0,1,16383
QuickSort,SORTED,medium,100000,7.0333,12,2895303,1925152,0,66738
ArraysSort,SORTED,medium,100000,0.0332,0,0,0,0,0
Select,SORTED,medium,100000,2.2559,16,876589,372940,0,1668
MergeSort,REVERSED,medium,100000,2.1473,14,1221423,0,1,16383
QuickSort,REVERSED,medium,100000,6.8559,12,3106215,2024276,0,66647
ArraysSort,REVERSED,medium,100000,0.0865,0,0,0,0,0
Select,REVERSED,medium,100000,2.3827,15,955921,326868,0,1222
MergeSort,DUPLICATES,medium,100000,4.6833,14,1569564,0,1,16383
QuickSort,DUPLICATES,medium,100000,1.8433,4,490182,229914,0,11
ArraysSort,DUPLICATES,medium,100000,1.4952,0,0,0,0,0
Select,DUPLICATES,medium,100000,2.0083,8,371618,122440,0,9
ClosestPair,RANDOM,medium,100000,46.9172,17,200978,0,2,68927
ClosestPair,DUPLICATES,medium,100000,35.1491,17,96608,0,2,68927
MergeSort,RANDOM,large,500000,59.5187,16,9643606,0,1,65535
QuickSort,RANDOM,large,500000,65.9700,14,17696964,11553508,0,333337
ArraysSort,RANDOM,large,500000,41.2462,0,0,0,0,0
Select,RANDOM,large,500000,23.8697,18,5142593,1851703,0,4629
MergeSort,SORTED,large,500000,1.4148,16,499999,0,1,65535
QuickSort,SORTED,large,500000,38.1806,14,17639241,11835746,0,333686
ArraysSort,SORTED,large,500000,0.1991,0,0,0,0,0
Select,SORTED,large,500000,10.6392,18,4428959,1884936,0,4578
MergeSort,REVERSED,large,500000,12.5378,16,7359535,0,1,65535
QuickSort,REVERSED,large,500000,37.5816,14,16967066,11594210,0,333439
ArraysSort,REVERSED,large,500000,0.4820,0,0,0,0,0
Select,REVERSED,large,500000,11.3382,17,4846158,1661497,0,3616
MergeSort,DUPLICATES,large,500000,24.3926,16,9159379,0,1,65535
QuickSort,DUPLICATES,large,500000,9.5043,4,2599471,1049611,0,11
ArraysSort,DUPLICATES,large,500000,8.3899,0,0,0,0,0
Select,DUPLICATES,large,500000,10.2109,9,1858657,610719,0,10
ClosestPair,RANDOM,large,500000,328.6190,19,735193,0,2,475711
ClosestPair,DUPLICATES,large,500000,244.7342,19,286432,0,2,475711
MergeSort,RANDOM,large,1000000,126.1513,17,20289448,0,1,131071
QuickSort,RANDOM,large,1000000,137.2907,14,37448335,25019210,0,666697
ArraysSort,RANDOM,large,1000000,84.8566,0,0,0,0,0
Select,RANDOM,large,1000000,46.6807,19,10316588,3681594,0,6858
MergeSort,SORTED,large,1000000,2.1748,17,999999,0,1,131071
QuickSort,SORTED,large,1000000,78.8871,15,37366592,24920282,0,666720
ArraysSort,SORTED,large,1000000,0.3433,0,0,0,0,0
Select,SORTED,large,1000000,21.2789,19,8906250,3789475,0,7232
MergeSort,REVERSED,large,1000000,25.4437,17,15219071,0,1,131071
QuickSort,REVERSED,large,1000000,77.7058,15,36504387,24485156,0,666455
ArraysSort,REVERSED,large,1000000,0.7406,0,0,0,0,0
Select,REVERSED,large,1000000,21.9214,18,9687143,3313635,0,5515
MergeSort,DUPLICATES,large,1000000,49.5723,17,19272841,0,1,131071
QuickSort,DUPLICATES,large,1000000,18.6368,4,5597840,2199269,0,11
ArraysSort,DUPLICATES,large,1000000,16.7424,0,0,0,0,0
Select,DUPLICATES,large,1000000,19.4802,9,3869080,1274257,0,9
ClosestPair,RANDOM,large,1000000,724.8985,20,1215652,0,2,951423
ClosestPair,DUPLICATES,large,1000000,640.8695,20,572864,0,2,951423
ClosestPairDC,RANDOM,small,500,0.1453,9,827,0,2,487
ClosestPairBrute,RANDOM,small,500,0.3023,0,124750,0,0,0
ClosestPairDC,RANDOM,small,1000,0.2813,10,1473,0,2,975
ClosestPairBrute,RANDOM,small,1000,1.0592,0,499500,0,0,0
ClosestPairDC,RANDOM,small,2000,0.5619,11,2360,0,2,1951
ClosestPairBrute,RANDOM,small,2000,4.2765,0,1999000,0,0,0
ClosestPairDC,RANDOM,small,5000,1.4669,12,6111,0,2,4095
ClosestPairBrute,RANDOM,small,5000,26.5129,0,12497500,0,0,0
ClosestPairDC,RANDOM,small,10000,3.1946,13,15852,0,2,8191
ClosestPairBrute,RANDOM,small,10000,106.3036,0,49995000,0,0,0
ClosestPairDC,RANDOM,medium,20000,6.9506,14,31858,0,2,16383
ClosestPairBrute,RANDOM,medium,20000,424.9443,0,199990000,0,0,0
